firstName;lastName
Blaire;Fields
Clayton;Tate
Skye;Donaldson
Canaan;Pineda
Nola;Molina
Prince;Thornton
Haisley;Stephens
Messiah;Branch
Luisa;Melton
Lennon;Parrish
Tiana;Decker
Taylor;Andersen
Zoie;Lewis
Wyatt;Bishop
Brooklynn;Martin
Mateo;Payne
London;Arellano
Kellan;Glass
Clare;ValenciaAlfaro
Dax;Harrison
Jasmine;Parks
Gianni;Bartlett
Aubrielle;Jenkins
Declan;Richard
Davina;Grant
Leon;Hurley
Rylan;Howe
Alaric;Nielsen
Vienna;Perkins
Kyrie;Montes
Roselyn;Espinoza
Dallas;McIntosh
Gwen;Richardson
Robert;Schultz
Briella;Beasley
Stanley;Felix
Paisleigh;Martin
Mateo;Alfaro
Yasmin;Castro
Jasper;Roach
Lyanna;Robinson
Matthew;Johnson
Emma;Evans
Elias;Dominguez
Raegan;Duarte
Abdullah;Williams
Ava;Bridges
Mohammed;Kramer
Hanna;Allison
Dennis;Portillo
Nathalie;Hardin
Hassan;Lyons
Kenzie;Chapman
Knox;Wong
Adelaide;Franco
Gage;Blackburn
Frida;Medina
George;Gill
Jordan;Anthony
Shiloh;Berger
Laylah;Freeman
Jayce;Reynolds
Isabelle;Reese
Alijah;Collier
Ivory;Ho
Morgan;Faulkner
Ansley;Bishop
Paxton;Fisher
Arya;Guerra
Leland;Zuniga
Leslie;Porter
Rhett;McGuire
April;Riley
Amari;Simpson
Anastasia;Schaefer
Ishaan;Merritt
Kaisley;Camacho
Tatum;Reilly
Tori;Lynn
Zechariah;Russo
Tinsley;Santana
Mohamed;Ventura
Zora;Wood
Carson;Delgado
Alani;Larson
Rafael;Ayers
Simone;Jefferson
Raylan;Hinton
Jaelynn;Craig
Odin;Haley
Addilynn;Craig
Odin;Goodwin
Shiloh;Paul
Noel;Lu
Emani;Moore
Levi;Nixon
Deborah;Burnett
Davis;Bowen
Dream;Dennis
Emanuel;Bryant
Parker;Patton
Moises;Collier
Ivory;Benitez
Justice;Booker
Nataly;Chang
Ari;Mendoza
Cora;Hopkins
Ali;Coleman
Julia;Cohen
Killian;Gross
Angel;Wong
Walter;Matthews
Lila;Landry
Jaxx;Cordova
Florence;Boyle
Robin;Trejo
Rosalyn;Poole
Quincy;Holt
Adelynn;Morse
Bode;Olsen
Oaklyn;Wilcox
Jerry;OConnell
Jillian;Roman
Kian;Peck
Crystal;Chambers
Orion;Crosby
Keily;Dejesus
Rio;Todd
Zariah;Ray
Arlo;Pena
Rachel;Schroeder
Izaiah;Hail
Lainey;Wu
Kyson;Marsh
Adelina;Middleton
Misael;Farmer
Madelynn;Cross
Fabian;Reyes
Audrey;Berry
Adonis;Hodges
Eve;Hopkins
Ali;Rodgers
Selah;Corona
Darian;Krueger
Kamari;McClain
Mitchell;English
Kelly;Baker
Ezra;French
Lorelai;Boyle
Robin;Hunter
Khloe;Yates
Braylon;Lester
Averi;Collins
Miles;Powell
Vivian;Sloan
Ocean;Fletcher
Anaya;Stevens
Zachary;McCoy
Mckenzie;Miller
Benjamin;Grant
Alaina;Solis
Ronin;Esquivel
Jaylee;Hart
Joel;Page
Cataleya;Gilmore
Vihaan;Diaz
Elena;Bernard
Jair;Foster
Brielle;Nash
Chandler;Valentine
August;Quintana
Kelvin;Cannon
Noa;Hensley
Layne;Dickson
Emmalynn;Baxter
Tomas;Wallace
Arianna;Edwards
Adrian;Day
Hayden;Cameron
Rayan;Villalobos
Zoya;Ryan
Timothy;Hansen
Hope;Mayo
Jericho;Kemp
Anika;Drake
Jalen;Love
Avianna;Stevens
Zachary;Ashley
Khalani;Mata
Ray;Villegas
Jessie;Mitchell
Jaxon;Clark
Chloe;McKee
Bjorn;Warner
Wynter;Stewart
Nolan;Frederick
Sariyah;Lawson
Lane;Waters
Bristol;Eaton
Leighton;Greer
Reina;Lozano
Boone;Magana
Amaris;Blake
Zyaire;McDowell
Rayna;Walton
Dominick;Rogers
Madelyn;Fleming
Fernando;Pope
Aurelia;Melendez
Nikolas;Herrera
Ximena;Roberson
Shepherd;Rivas
Averie;Morris
Christian;Francis
Daniella;Ochoa
Winston;Morrison
Rebecca;Brennan
Curtis;Bauer
Haley;Sandoval
Brantley;Castro
Eloise;Barton
Cassius;Hull
Andi;McCullough
Briar;Davila
Rayne;Blanchard
Adler;Lowe
Amari;Barnett
Stephen;Rodriguez
Evelyn;Hart
Joel;Conley
Salem;Moon
Nova;Robertson
Harmony;Wright
Grayson;Kirk
Ellis;Gardner
Alan;Orozco
Renata;Acosta
Jensen;Underwood
Ensley;Ibarra
Asa;Murillo
Mikaela;Pearson
Gunner;Mendez
Londyn;Suarez
Soren;Combs
Irene;Harris
Samuel;Jordan
Adalynn;Wilkinson
Leonard;Gould
Violeta;Jaramillo
Riggs;Dudley
Hadleigh;Sullivan
Evan;Peterson
Caroline;Fernandez
Bentley;Santiago
Nyla;McDaniel
Major;Baxter
Lara;Brown
Elijah;Hoover
Virginia;Sanchez
Joseph;Conner
Alondra;Sexton
Mylo;Alfaro
Yasmin;Blevins
Avi;Solomon
Mylah;Vang
Jimmy;Campos
Sutton;Ortiz
Landon;Valenzuela
Henley;Wells
Max;Campos
Sutton;Hines
Uriel;Greer
Reina;Blackburn
Zahir;Chung
Rivka;Hickman
Jakobe;Duran
Willa;Bruce
Uriah;Ramsey
Lyric;Roth
Roy;Bernal
Emmeline;Potter
Lucca;Ortega
Lilah;Drake
Jalen;Luna
Journey;Barnes
Damian;Short
Cheyenne;Larsen
Brycen;Joseph
Gracelynn;Bryan
Jaxtyn;Summers
Frankie;Rogers
Colton;Ayers
Simone;Lozano
Boone;Estrada
Sawyer;Morrow
Kyree;Murphy
Bella;Saunders
Kasen;Brandt
Loretta;Chung
Ira;Obrien
Joanna;Summers
Darius;Lucero
Ila;Donovan
Brayan;Brandt
Loretta;Stanley
Manuel;Tyler
Helena;Lowe
Julius;McLaughlin
Stephanie;Sexton
Mylo;Ford
Alexandra;Wolfe
Donovan;Bean
Jenesis;Stein
Creed;Massey
Clementine;Benitez
Justice;Gallagher
Elliott;Lindsey
Jayson;Mann
Paislee;Serrano
Milan;Drake
Jayleen;Blackburn
Zahir;Dyer
Estrella;Buckley
Aryan;Wallace
Arianna;Allen
Carter;Li
Paige;Obrien
Riley;Wilcox
Ashlyn;McMillan
Rocky;Willis
Alexa;Bonilla
Aden;Joseph
Gracelynn;Johnson
Noah;McFarland
Annika;Skinner
Ridge;Lugo
Kaylie;Hammond
Francis;Harding
Aniya;Villegas
Clyde;Tapia
Michaela;Guzman
Jude;Quintana
Kenia;Brady
Reed;Sosa
Cassandra;Diaz
Nathan;Marquez
Milani;Solomon
Musa;Alexander
Lyla;Sosa
Emir;Hobbs
Lacey;Copeland
Axton;Rose
Magnolia;Burke
Jax;Salazar
Freya;Richardson
Robert;Murray
Faith;McGee
Conner;Graham
Alaia;Yates
Braylon;Dodson
Etta;Hicks
Maddox;Terrell
Paityn;Stone
Finn;Hebert
Kyleigh;Donovan
Brayan;Rose
Magnolia;Salinas
Edgar;Morales
Skylar;Hunter
Archer;McConnell
Denise;Mathews
Jamir;Vang
Madisyn;Nolan
Maximo;Zuniga
Leslie;Frazier
Callum;OConnor
Charli;Marsh
Bo;Quintero
Keyla;Sampson
Cain;Enriquez
Nellie;Decker
Taylor;Jensen
Jane;Mora
Arturo;Hughes
Samantha;Johnson
Noah;Duke
Melani;Barnes
Damian;Atkinson
Jazmin;Houston
Sylas;Calderon
Serena;Valdez
Kyler;ONeill
Kenna;Clarke
Stetson;Humphrey
Journi;Esquivel
Bridger;Moody
Elaine;Morrow
Kyree;Dougherty
Alisson;Wiggins
Azariah;Thompson
Madison;Fowler
Kameron;Ellison
Raina;Richmond
Mordechai;Higgins
Leighton;Gillespie
Forest;Ellis
Ayla;Juarez
Joaquin;Little
Harley;Mills
Alex;Blankenship
Rosalee;Davidson
Dante;Waller
Whitley;Lang
Wells;McCall
Kai;Larson
Rafael;Hill
Hannah;Graves
Cesar;Myers
Lydia;Sherman
Adan;Casey
Sylvia;Robinson
Matthew;Russell
Raelynn;Murillo
Lance;Caldwell
Evelynn;Gregory
Travis;Calhoun
Thalia;Ortiz
Landon;Rowland
Harleigh;Potts
Alfred;Hodge
Coraline;Avalos
Coen;Garcia
Amelia;Schneider
Raymond;Hinton
Jaelynn;Mata
Ray;Holland
Mariah;Ortega
Kobe;Roberts
Paisley;Ellison
Kye;Dejesus
Julissa;Giles
Kole;Coffey
Paola;Bean
Mccoy;Daugherty
Magdalena;Eaton
Leighton;Hudson
Kamila;Dyer
Atreus;Olsen
Oaklyn;Rose
Hayden;Bartlett
Aubrielle;Espinoza
Dallas;Weaver
Teagan;Ramirez
David;Davidson
Jayla;Schaefer
Ishaan;Dunn
Olive;Beltran
Ricky;Peck
Crystal;Hale
Ezequiel;Moyer
Zola;Cox
Connor;Ingram
Katie;Glenn
Zaid;Erickson
Sabrina;Huber
Mac;Soto
Brynlee;Williamson
Emerson;Coffey
Paola;Woods
Zion;Cole
Margaret;Hayes
Legend;Bauer
Haley;Massey
Donald;Alvarado
Blake;Santos
Walker;Lucas
Phoenix;Ballard
Kenzo;Pennington
Yareli;Monroe
Colby;Morrison
Rebecca;Fuentes
Bowen;Avery
Meghan;Frye
Franco;Watkins
Lola;Lawrence
Kaleb;Gonzales
Hadley;Adkins
Kylo;Savage
Louise;Dudley
Colter;Proctor
Chandler;Dean
Ronan;Espinosa
Braylee;Spears
Ameer;Abbott
Melany;Ferguson
Miguel;Jacobson
Royal;Ford
Luis;Decker
Aleena;Bonilla
Aden;Baxter
Lara;Hensley
Layne;Roberts
Paisley;Kaur
Augustine;Mata
Lillie;House
Yehuda;Reed
Valentina;Zamora
Quentin;Castro
Eloise;Frye
Franco;Vu
Kimora;Hess
Lawrence;Briggs
Alia;Fuentes
Bowen;Wilkins
Amalia;Patrick
Derrick;Yates
Charley;Meadows
Wayne;Holt
Adelynn;Everett
Camilo;Ayers
Simone;Craig
Odin;Mahoney
Promise;Henson
Bellamy;Villalobos
Zoya;Carey
Watson;Cisneros
Janelle;Cordova
Vicente;Crane
Della;Morgan
Hunter;Cortez
Haven;Strong
Axl;Barrera
Beatrice;Underwood
Reece;Rasmussen
Esperanza;Finley
Calum;Bowman
Fiona;Williamson
Emerson;Lopez
Gianna;Zuniga
Sincere;Guerra
Edith;Conley
Marvin;Suarez
Jimena;Stein
Creed;Haley
Addilynn;Leonard
Ricardo;Gonzales
Hadley;Green
Anthony;Hood
Briana;Cisneros
Alden;Owens
Amaya;Moore
Levi;Davidson
Jayla;Avery
Jakari;Chang
Ophelia;Becker
Lawson;Bautista
Antonella;Morrison
Maximus;Velazquez
Jaliyah;McMahon
Jakob;Vaughan
Nancy;Gates
Ermias;Lowe
Amari;Cuevas
Brecken;Andersen
Zoie;Goodman
Philip;Goodman
Carolina;Hess
Lawrence;Bruce
Marilyn;Hess
Lawrence;Richards
Trinity;Howe
Alaric;Gentry
Amelie;Bruce
Uriah;Hoover
Virginia;Anthony
Shiloh;Schneider
Delaney;Bennett
Leonardo;Corona
Marianna;Lynn
Zechariah;Hurley
Rylan;Pitts
Trey;Parrish
Tiana;Hernandez
Mason;Griffith
Alicia;Lowery
Jaxxon;Ali
Zelda;Singleton
Landyn;Bell
Melody;Reed
Easton;Mullins
Maliyah;Chavez
Ian;Barr
Noemi;Spears
Ameer;Berger
Laylah;Galvan
Kingsley;French
Lorelai;Meyer
Tristan;Lugo
Kaylie;Rowland
Eliezer;Mejia
Saylor;Guevara
Tommy;Le
Myla;Odom
Kylian;Aguilar
Josie;Reeves
Clark;Crane
Della;Woodward
Jeremias;Wells
Cecilia;Sanders
Jose;Stein
Leilany;Ayers
Ulises;Moses
Karter;Espinoza
Dallas;McKee
Kori;Thornton
Malik;Hancock
Katelyn;Watson
Greyson;Ferguson
Juliana;Hobbs
Brendan;ONeill
Kenna;Morgan
Hunter;Robertson
Harmony;Yang
Malcolm;Munoz
Kehlani;Hicks
Maddox;Cano
Egypt;Morse
Bode;George
Adelyn;Gardner
Alan;Byrd
Giselle;James
Jaxson;Swanson
Helen;Davidson
Dante;Gallegos
Ari;Atkinson
Duke;Peterson
Caroline;Hayden
Leroy;Flores
Emilia;Cano
Terry;Flynn
Dorothy;Compton
Abner;Stanton
Jaycee;Murphy
Cameron;Schmidt
Kimberly;Washington
Juan;Barrett
Kendall;McCann
Heath;Gates
Melina;Haynes
Kason;Reese
Rosemary;Cortes
Banks;West
Remi;Lawson
Lane;Blanchard
Layne;Boyer
Zeke;McCoy
Mckenzie;Terry
Armani;Riley
Kayla;Peck
Yousef;Ortega
Lilah;Bentley
Randy;Tapia
Michaela;Kent
Mekhi;Black
Molly;Villarreal
Nikolai;Austin
Alivia;Kirk
Alessandro;Blackwell
Saoirse;Morris
Christian;Farley
Wrenley;Hull
Salem;Matthews
Lila;Barnett
Stephen;McIntyre
Rebekah;McIntyre
Eliseo;Cunningham
Marley;Lyons
Cyrus;Rivas
Averie;Lambert
Mario;Hodges
Eve;Boyd
Dean;Francis
Daniella;Bradshaw
Emory;Avalos
Paloma;Duarte
Abdullah;Jacobson
Royal;King
Julian;Reyna
Luella;Arroyo
Alberto;Kim
Gabriella;Cannon
Archie;Freeman
Norah;Espinosa
Khalid;Stone
Catalina;Becker
Lawson;Gonzalez
Abigail;Gilbert
Tobias;Griffin
Charlie;Vazquez
Jesse;Strickland
Nia;Lloyd
Zaire;Franklin
Angela;Kramer
Kylan;Finley
Jovie;Brooks
Jordan;Hanson
Mariana;Lin
Conor;Richmond
Whitney;Wu
Kyson;Cline
Lina;Ray
Arlo;McDowell
Rayna;McConnell
London;Lowery
Estelle;Dunlap
Aries;Guerrero
Margot;Costa
Kenji;Avila
Amiyah;Shelton
Leonel;Todd
Zariah;Price
Brooks;Barry
Waverly;Arnold
Abraham;Ward
Ariana;Whitaker
Keith;Davila
Rayne;Ellis
Cole;Choi
Karla;Serrano
Milan;Taylor
Sofia;Ramirez
David;Clark
Chloe;Bennett
Leonardo;Collins
Kinsley;Berg
Cayson;Spencer
Alyssa;Mills
Alex;Olson
Isabel;Sanders
Jose;Vance
Maxine;Carrillo
Wade;Kelly
Ruby;Marin
Aldo;Ochoa
Luciana;Clay
Yosef;Lawson
Phoebe;Jenkins
Declan;Howe
Persephone;Golden
Amias;Williamson
Catherine;Zimmerman
Sergio;Moon
Naya;Jordan
Sawyer;Kelley
Rosalie;Spears
Ameer;Bradley
Vanessa;Oliver
Karson;Wheeler
Sydney;Vang
Jimmy;Grimes
Braelyn;Gonzalez
Ethan;Pace
Giana;York
Leandro;McKay
Leanna;Franklin
Simon;Hubbard
Rosie;Morse
Bode;McCormick
Macie;Wall
Issac;Blackburn
Frida;Winters
Deandre;Jefferson
Julieta;Drake
Jalen;McGee
Kayleigh;Hudson
Peter;Arnold
Finley;Pena
Marcus;Hicks
Alina;Cobb
Raphael;Schneider
Delaney;Conway
Orlando;Garrett
Tessa;Lam
Bodie;Leal
Murphy;Suarez
Soren;Hogan
Kathryn;Buck
Jon;Dalton
Lilian;Bush
Tyson;David
Haylee;Roy
Marcelo;Guevara
Teresa;Perkins
Kyrie;Parra
Dalary;Garrison
Noe;Nunez
Mya;Leach
Westin;Hampton
Leona;Austin
Omar;Patton
Lorelei;Harper
Hayes;Riley
Kayla;Bryant
Jonah;Franco
Charleigh;Tapia
Samir;Simon
Kalani;Crane
Fox;Chambers
Makayla;Chan
Frank;Wells
Cecilia;Acosta
Jensen;Palmer
Juniper;Doyle
Kashton;Cordova
Florence;Cooper
Jonathan;Mitchell
Willow;Levy
Harold;Neal
Talia;Friedman
Darwin;Banks
Cali;Thompson
Theodore;Dodson
Etta;Acosta
Jensen;Palmer
Juniper;Terry
Armani;Lee
Scarlett;Ashley
Kylen;Krueger
Kamari;Mathis
Gustavo;Wiggins
Capri;Moss
Porter;McIntyre
Rebekah;McCarthy
Devin;Huffman
Hayley;Thomas
Logan;Shannon
Harlee;Cervantes
Kamari;Bennett
Josephine;Gould
Blaine;Glenn
Blaire;Bautista
Raul;Diaz
Elena;Stanley
Manuel;Yoder
Emerie;Stout
Callahan;Richard
Davina;Luna
Erick;Felix
Paisleigh;McCoy
Jett;Truong
Judith;Patrick
Derrick;Odom
Laylani;Mathews
Jamir;Hamilton
Mackenzie;Gilmore
Vihaan;Cross
Nayeli;Estrada
Phoenix;Huffman
Hayley;Shaffer
Dexter;Aguirre
Ariah;David
Alonso;Byrd
Giselle;Gallagher
Marcos;Malone
Skyler;Spencer
Ace;Webster
Kensley;Dickerson
Flynn;Blevins
Aila;Cooper
Jonathan;Edwards
Ivy;Kelly
Cooper;Myers
Lydia;Russo
Jamie;Whitehead
Sylvie;Wolf
Jase;Morales
Skylar;Warner
Jaxton;Conner
Alondra;Webster
Shawn;Guerrero
Margot;Beck
Eduardo;Casey
Sylvia;Vega
Aidan;Todd
Zariah;Bond
Roger;Villa
Johanna;Hart
Joel;Keith
Elyse;Maddox
Lyric;Zimmerman
Ariyah;Stephenson
Joe;Christensen
Carmen;Friedman
Darwin;Ware
Eileen;Peralta
Dangelo;Day
Hayden;Schultz
Cody;Travis
Mazikee;Orr
Benicio;Barker
Remington;Moody
Ryland;Gregory
Alaya;Booth
Chaim;Palacios
Bria;McIntyre
Eliseo;Mills
June;Singleton
Landyn;Mack
Nadia;Davidson
Dante;Singleton
Malaysia;Pineda
Gerardo;Shaffer
Alanna;Stanton
Zyair;Truong
Judith;Adams
Hudson;Singh
Vivienne;Romero
Bryson;Dillon
Laurel;Case
Bentlee;Powell
Vivian;Ortiz
Landon;Warner
Wynter;Cooper
Jonathan;Beltran
Kaydence;Solomon
Musa;Manning
Jennifer;Olson
Malachi;Schmitt
Queen;Marquez
Malakai;McCoy
Mckenzie;Frost
Dario;Duran
Willa;Ayala
Tanner;Leal
Murphy;Norman
Aziel;Romero
Eliza;Dennis
Emanuel;Terrell
Paityn;Cox
Connor;McLaughlin
Stephanie;Hensley
Layne;Fisher
Arya;Kim
Roman;Vincent
Allyson;Friedman
Darwin;Tang
Belle;Bravo
Genesis;Montoya
Kamryn;McLean
Crosby;Myers
Lydia;Gillespie
Forest;Donovan
Azariah;Cox
Connor;Preston
Indie;Villa
Clay;Pollard
Marisol;Wallace
Chase;Stevens
Katherine;Morales
Aaron;Neal
Talia;Chan
Frank;Gardner
Jordyn;Joseph
Kyle;Lloyd
Emely;Romero
Bryson;Campbell
Addison;Hubbard
Forrest;Hubbard
Rosie;Weber
Crew;Lang
Amirah;Esparza
Carl;Maddox
Zainab;Garrison
Noe;Whitaker
Ivanna;Medina
George;Strickland
Nia;Hale
Ezequiel;Gilbert
Jocelyn;Steele
Elian;Christian
Anahi;Randall
Trenton;Vazquez
Journee;Carpenter
Jeremy;Bailey
Kennedy;Estes
Hakeem;Valencia
Maddison;Zimmerman
Sergio;Chang
Ophelia;Wagner
Enzo;Friedman
Aspyn;Koch
Salvador;Townsend
Azalea;White
Aiden;Santana
Myra;James
Jaxson;Poole
Bonnie;Lugo
Santos;Richmond
Whitney;Jaramillo
Riggs;Gross
